id,name,read,pattern,sequence,feature_type
BC1,TotalSeq-C0301 ,R2,NNNNNNNNNN(BC),ACCCACCAGTAAGAC,Antibody Capture
BC7,TotalSeq-A0307 ,R2,NNNNNNNNNN(BC),GAGTCTGCCAGTATC,Antibody Capture
BC2,TotalSeq-A0302 ,R2,NNNNNNNNNN(BC),GGTCGAGAGCATTCA,Antibody Capture
BC8,TotalSeq-A0308 ,R2,NNNNNNNNNN(BC),TATAGAACGCCAGGC,Antibody Capture
BC9,TotalSeq-C0309,R2,NNNNNNNNNN(BC),TGCCTATGAAACAAG,Antibody Capture
BC6,TotalSeq-A0306 ,R2,NNNNNNNNNN(BC),TATGCTGCCACGGTA,Antibody Capture
BC10,TotalSeq-C0310 ,R2,NNNNNNNNNN(BC),CCGATTGTAACAGAC,Antibody Capture
Vb5,B5.1_TotalSeq-C0354,R2,NNNNNNNNNN(BC),CTCAACAGTATTCTG,Antibody Capture
TCRb,B_TotalSeq-C0120,R2,NNNNNNNNNN(BC),TCCTATGGGACTCAG,Antibody Capture
CD44,CD44_TotalSeq-C0073 ,R2,NNNNNNNNNN(BC),TGGCTTCAGGTCCTA,Antibody Capture
CD25,CD25_TotalSeq-C0097 ,R2,NNNNNNNNNN(BC),ACCATGAGACACAGT,Antibody Capture
CD4,CD4_TotalSeq-C0001 ,R2,NNNNNNNNNN(BC),AACAAGACCCTTGAG,Antibody Capture
CD8a,CD8a_TotalSeq-C0002,R2,NNNNNNNNNN(BC),TACCCGTAATAGCGT,Antibody Capture
CD62L,CD62L_TotalSeq-C0112 ,R2,NNNNNNNNNN(BC),TGGGCCTAAGTCATC,Antibody Capture
CD69,CD69_TotalSeq-C0197 ,R2,NNNNNNNNNN(BC),TTGTATTCCGCCATT,Antibody Capture
TCRgd,tGD_TotalSeq-C0121,R2,NNNNNNNNNN(BC),AACCCAAATAGCTGA,Antibody Capture
CD3,CD3_TotalSeq-C0182,R2,NNNNNNNNNN(BC),GTATGTCCGCTCGAT,Antibody Capture
CCR7,CCR7_CD197_TotalSeq-C0377,R2,NNNNNNNNNN(BC),TTATTAACAGCCCAC,Antibody Capture
CD326,CD326_TotalSeq-C0449 ,R2,NNNNNNNNNN(BC),ACCCGCGTTAGTATG,Antibody Capture
Ly51,Ly51_TotalSeq-C1034 ,R2,NNNNNNNNNN(BC),TCCGTTTGTTGTTGT,Antibody Capture
